<?xml version="1.0" encoding="UTF-8"?>
<root><options><autoincrement>13</autoincrement></options><fields><name/><link/><target/><order/><category/></fields><menu><id>7</id><uid>0a851204bd</uid><name>Education</name><link>#ancreeducation</link><category/><target/><order>1</order></menu><menu><id>8</id><uid>c61112c065</uid><name>Experiences professionnelles</name><link>#ancrepro</link><category/><target/><order>2</order></menu><menu><id>9</id><uid>b0ecfec723</uid><name>Projets personnels</name><link>#ancreperso</link><category/><target/><order>3</order></menu><menu><id>10</id><uid>08c0c148b8</uid><name>Compétences</name><link>#ancrecompetences</link><category/><target/><order>4</order></menu><menu><id>11</id><uid>2a4a4a760c</uid><name>Centres d'intérêts</name><link>#ancreinterets</link><category/><target/><order>5</order></menu><menu><id>12</id><uid>183b2890e6</uid><name>Contact</name><link>#ancrecontact</link><category/><target/><order>6</order></menu><menu><id>13</id><uid>59dd65d1cf</uid><name>Actualités</name><link>actualites</link><category/><target/><order>7</order></menu></root>
