<?xml version="1.0" encoding="UTF-8"?>
<root><options><autoincrement>12</autoincrement></options><fields><slug/><robots_index/><robots_follow/><template/><title/><meta_title/><tags/><parent/><status/><description/><keywords/><content/><date/><author/><expand/><access/></fields><pages><id>1</id><uid>ffa3ab3863</uid><content/><slug>error404</slug><robots_index>index</robots_index><robots_follow>follow</robots_follow><template>index</template><parent/><status>published</status><title>error404</title><description/><keywords/><date>1328270400</date><author>lauriebesinet</author><access>public</access><meta_title/><tags/></pages><pages><id>2</id><uid>9c20ad0bf1</uid><content/><slug>accueil</slug><robots_index>noindex</robots_index><robots_follow>nofollow</robots_follow><template>index</template><parent/><status>published</status><title>Accueil</title><description>Laurie Besinet : Bienvenue sur mon site internet</description><keywords>besinet laurie cv bésinet agriculture agronomie agroalimentaire OAD modélisation cultures essais besinet laurie cv experience communication marketing dupont pioneer  gestion de projet mais mildiou oad informatique qualité agroalimentaire recherche laboratoire nodulation expérience volontariat association fablab recyclage organisation animation </keywords><date>1446469200</date><author>lauriebesinet</author><access>public</access><meta_title>Bienvenue</meta_title><tags>besinet laurie cv bésinet agriculture agronomie agroalimentaire OAD modélisation cultures essais besinet laurie cv experience communication marketing dupont pioneer  gestion de projet mais mildiou oad informatique qualité agroalimentaire recherche laboratoire nodulation expérience volontariat association fablab recyclage organisation animation </tags></pages><pages><id>11</id><uid>fb731da7a9</uid><content/><slug>actualites</slug><template>index</template><parent/><status>published</status><access>public</access><expand>0</expand><robots_index>noindex</robots_index><robots_follow>follow</robots_follow><title>Actualités</title><meta_title>Actualités</meta_title><description>Voici mon fil tweeter où vous pouvez suivre ce qui est au coeur de mon actualité. </description><keywords>Laurie Besinet Bésinet Actualités Tweets </keywords><tags>besinet laurie cv bésinet agriculture agronomie agroalimentaire</tags><date>1441896505</date><author>lauriebesinet</author></pages></root>
