<?xml version="1.0" encoding="UTF-8"?>
<root><options><autoincrement>10</autoincrement></options><fields><slug/><robots_index/><robots_follow/><template/><title/><meta_title/><tags/><parent/><status/><description/><keywords/><content/><date/><author/><expand/><access/></fields><pages><id>1</id><uid>ffa3ab3863</uid><content/><slug>error404</slug><robots_index>index</robots_index><robots_follow>follow</robots_follow><template>index</template><parent/><status>published</status><title>error404</title><description/><keywords/><date>1328270400</date><author>lauriebesinet</author><access>public</access><meta_title/><tags/></pages><pages><id>2</id><uid>9c20ad0bf1</uid><content/><slug>accueil</slug><robots_index>index</robots_index><robots_follow>follow</robots_follow><template>index</template><parent/><status>published</status><title>Accueil</title><description/><keywords/><date>1333368000</date><author>lauriebesinet</author><access>public</access><meta_title/><tags>besinet laurie cv</tags></pages><pages><id>3</id><uid>a623d720fc</uid><content/><slug>cv</slug><template>index</template><parent/><status>published</status><access>public</access><expand>0</expand><robots_index>index</robots_index><robots_follow>follow</robots_follow><title>CV</title><description/><keywords/><date>1388792906</date><author>lauriebesinet</author><meta_title/><tags>curiculum vitae curiculumvitae cv</tags></pages><pages><id>4</id><uid>f8f3dae331</uid><content/><slug>education</slug><template>index</template><parent>cv</parent><status>draft</status><access>public</access><expand>0</expand><robots_index>index</robots_index><robots_follow>follow</robots_follow><title>Education</title><description/><keywords/><date>1388872189</date><author>lauriebesinet</author><meta_title/><tags>curiculum vitae curiculumvitae cv</tags></pages><pages><id>7</id><uid>90fba8959b</uid><content/><slug>experiencespro</slug><template>index</template><parent>cv</parent><status>draft</status><access>public</access><expand>0</expand><robots_index>index</robots_index><robots_follow>follow</robots_follow><title>Expériences professionnelles</title><meta_title>Expériences professionnelles</meta_title><description/><keywords>besinet laurie cv experience communication marketing dupont pioneer  gestion de projet mais mildiou oad informatique qualité agroalimentaire recherche laboratoire nodulation expérience</keywords><tags>besinet laurie cv experience communication marketing dupont pioneer  gestion de projet mais mildiou oad informatique qualité agroalimentaire recherche laboratoire nodulation expérience</tags><date>1440323189</date><author>lauriebesinet</author></pages><pages><id>8</id><uid>b716dbafa9</uid><content/><slug>projetsperso</slug><template>index</template><parent>cv</parent><status>draft</status><access>public</access><expand>0</expand><robots_index>index</robots_index><robots_follow>follow</robots_follow><title>Projets personnels</title><meta_title/><description/><keywords/><tags>besinet laurie cv volontariat association fablab recyclage organisation animation </tags><date>1440327649</date><author>lauriebesinet</author></pages><pages><id>9</id><uid>66e7ed2608</uid><content/><slug>competences</slug><template>index</template><parent>cv</parent><status>draft</status><access>public</access><expand>0</expand><robots_index>index</robots_index><robots_follow>follow</robots_follow><title>Compétences</title><meta_title/><description/><keywords/><tags/><date>1440498636</date><author>lauriebesinet</author></pages></root>
