<?xml version="1.0" encoding="UTF-8"?>
<root><options><autoincrement>28</autoincrement></options><fields><location/><name/><status/><priority/></fields><plugins><id>1</id><uid>dd4ef4d35c</uid><name>Pages</name><location>plugins/box/pages/pages.plugin.php</location><status>active</status><priority>1</priority></plugins><plugins><id>2</id><uid>ae8f24db1e</uid><name>Filesmanager</name><location>plugins/box/filesmanager/filesmanager.plugin.php</location><status>active</status><priority>2</priority></plugins><plugins><id>3</id><uid>63477fb180</uid><name>Plugins</name><location>plugins/box/plugins/plugins.plugin.php</location><status>active</status><priority>1</priority></plugins><plugins><id>4</id><uid>51cef0f1d7</uid><name>Themes</name><location>plugins/box/themes/themes.plugin.php</location><status>active</status><priority>3</priority></plugins><plugins><id>5</id><uid>96d232738b</uid><name>Menu</name><location>plugins/box/menu/menu.plugin.php</location><status>active</status><priority>4</priority></plugins><plugins><id>6</id><uid>f1b72e74c3</uid><name>System</name><location>plugins/box/system/system.plugin.php</location><status>active</status><priority>4</priority></plugins><plugins><id>7</id><uid>945b0245f0</uid><name>Snippets</name><location>plugins/box/snippets/snippets.plugin.php</location><status>active</status><priority>6</priority></plugins><plugins><id>8</id><uid>df8fb7decc</uid><name>Users</name><location>plugins/box/users/users.plugin.php</location><status>active</status><priority>7</priority></plugins><plugins><id>9</id><uid>5994da8240</uid><name>Backup</name><location>plugins/box/backup/backup.plugin.php</location><status>active</status><priority>8</priority></plugins><plugins><id>10</id><uid>fba0b8bdca</uid><name>Sitemap</name><location>plugins/box/sitemap/sitemap.plugin.php</location><status>active</status><priority>10</priority></plugins><plugins><id>11</id><uid>f4d1aa1d5a</uid><name>Information</name><location>plugins/box/information/information.plugin.php</location><status>active</status><priority>15</priority></plugins><plugins><id>14</id><uid>78b14de2e1</uid><name>editor</name><location>plugins/box/editor/editor.plugin.php</location><status>active</status><priority>1</priority></plugins><plugins><id>15</id><uid>78b14de2e2</uid><name>blocks</name><location>plugins/box/blocks/blocks.plugin.php</location><status>active</status><priority>6</priority></plugins><plugins><id>18</id><uid>3f28d7656a</uid><name>markitup</name><location>plugins/markitup/markitup.plugin.php</location><status>active</status><priority>15</priority></plugins><plugins><id>22</id><uid>f8c19df066</uid><name>captcha</name><location>plugins/captcha/captcha.plugin.php</location><status>active</status><priority>15</priority></plugins><plugins><id>23</id><uid>97e3bff319</uid><name>blog</name><location>plugins/blog/blog.plugin.php</location><status>active</status><priority>15</priority></plugins><plugins><id>24</id><uid>ff449c2bb0</uid><name>codemirror</name><location>plugins/codemirror/codemirror.plugin.php</location><status>active</status><priority>15</priority></plugins><plugins><id>25</id><uid>754e408ef5</uid><name>dashboard</name><location>plugins/box/dashboard/dashboard.plugin.php</location><status>active</status><priority>0</priority></plugins><plugins><id>26</id><uid>6ba11431c3</uid><name>emails</name><location>plugins/box/emails/emails.plugin.php</location><status>active</status><priority>15</priority></plugins><plugins><id>27</id><uid>6de9688fa8</uid><name>markdown</name><location>plugins/markdown/markdown.plugin.php</location><status>active</status><priority>10</priority></plugins><plugins><id>28</id><uid>c5cc971f4c</uid><name>contact</name><location>plugins/contact/contact.plugin.php</location><status>active</status><priority>15</priority></plugins></root>
