<?xml version="1.0" encoding="UTF-8"?>
<root><options><autoincrement>1</autoincrement></options><fields><login/><password/><email/><role/><date_registered/><firstname/><lastname/><login/><twitter/><skype/><hash/><about_me/></fields><users><id>1</id><uid>3b968ed928</uid><password>6f035ea317c85557caec89809688c508</password><hash>crat5LBB0500</hash><date_registered>1440241136</date_registered><login>lauriebesinet</login><firstname/><lastname/><email>laurie.besinet@gmail.com</email><skype/><twitter/><about_me/><role>admin</role></users></root>
